Method,MatrixSize,BlockSize,Time(s),GFLOPS,PAPI_L1_DCM,PAPI_L2_DCM
OnMult,600,NA,0.260792,1.65649,244687795,38162333
OnMultLine,600,NA,0.140655,3.07136,27426458,57745720
OnMultLineParallelOuterFor,600,NA,0.0329432,13.1135,2289362,4636475
OnMultLineParallelInnerFor,600,NA,0.509237,0.848328,5893413,21831842
